{
  "metadata": {
    "pydapter_version": "0.3.0",
    "pydantic_version": "2.10.6",
    "python_version": "3.10.15 (main, Oct 16 2024, 08:33:15) [Clang 18.1.8 ]",
    "timestamp": "2025-06-12T23:28:16.731382+00:00",
    "iterations": 1000,
    "features": {
      "has_field": true,
      "has_fieldtemplate": true,
      "has_templates": true
    }
  },
  "benchmarks": {
    "field_creation_legacy": {
      "mean": 0.0033093840302171884,
      "median": 0.003229500180168543,
      "min": 0.003124998329440132,
      "max": 0.029208000341895968,
      "stdev": 0.0011434778195853115,
      "p95": 0.0033750002330634743,
      "p99": 0.0036669989640358835
    },
    "field_creation_kwargs": {
      "mean": 0.0007421928858093452,
      "median": 0.0006669997674180195,
      "min": 0.0005829988367622718,
      "max": 0.014166000255499966,
      "stdev": 0.0007040587467668066,
      "p95": 0.0007910002750577405,
      "p99": 0.0009169998520519584
    },
    "field_creation_complex": {
      "mean": 0.0009974620297725778,
      "median": 0.0009169998520519584,
      "min": 0.0008749993867240846,
      "max": 0.00583400105824694,
      "stdev": 0.0003312752156728501,
      "p95": 0.001207999957841821,
      "p99": 0.001375001374981366
    },
    "model_creation_simple": {
      "mean": 0.31968178602983244,
      "median": 0.3037919996131677,
      "min": 0.2732499997364357,
      "max": 0.5991250000079162,
      "stdev": 0.04445757361238299,
      "p95": 0.40454200097883586,
      "p99": 0.526458999956958
    },
    "model_creation_complex": {
      "mean": 0.46826927599613555,
      "median": 0.4445000004125177,
      "min": 0.3945419994124677,
      "max": 0.8245419994636904,
      "stdev": 0.06429693388536317,
      "p95": 0.5949579990556231,
      "p99": 0.7738330004940508
    },
    "model_instantiation_simple": {
      "mean": 0.000547582008948666,
      "median": 0.0005419988156063482,
      "min": 0.00045800152292940766,
      "max": 0.0030840001272736117,
      "stdev": 8.965737785196483e-05,
      "p95": 0.0006249993020901456,
      "p99": 0.0007079997885739431
    },
    "model_instantiation_complex": {
      "mean": 0.003276108012869372,
      "median": 0.0031669987947680056,
      "min": 0.002833001417457126,
      "max": 0.03379200097697321,
      "stdev": 0.0012662946803582546,
      "p95": 0.0035409993870416656,
      "p99": 0.007207998351077549
    },
    "model_creation_templates": {
      "mean": 0.6439146680022532,
      "median": 0.5926454996370012,
      "min": 0.5176249997020932,
      "max": 4.483458000322571,
      "stdev": 0.25654287119359437,
      "p95": 0.8001249989320058,
      "p99": 2.226666998467408
    },
    "json_serialize_single": {
      "mean": 0.001140020973252831,
      "median": 0.0010829990060301498,
      "min": 0.0009999985195463523,
      "max": 0.012416001482051797,
      "stdev": 0.0005796646426534421,
      "p95": 0.0013329990906640887,
      "p99": 0.0016660014807712287
    },
    "json_serialize_many": {
      "mean": 0.2387940998414706,
      "median": 0.22941699990042252,
      "min": 0.20312499873398338,
      "max": 0.4677079996326938,
      "stdev": 0.03377682698139628,
      "p95": 0.3131670000584563,
      "p99": 0.4677079996326938
    },
    "json_deserialize_single": {
      "mean": 0.0015554179735772777,
      "median": 0.0014999986888142303,
      "min": 0.0012919990695081651,
      "max": 0.012499998774728738,
      "stdev": 0.0006449357151820484,
      "p95": 0.0018749997252598405,
      "p99": 0.005333000444807112
    },
    "json_deserialize_many": {
      "mean": 0.23093080993930926,
      "median": 0.22789600006944966,
      "min": 0.20354200023575686,
      "max": 0.29266700039443094,
      "stdev": 0.015732404850439335,
      "p95": 0.2612920015963027,
      "p99": 0.29266700039443094
    },
    "csv_serialize_many": {
      "mean": 0.2497241599485278,
      "median": 0.24520850001863437,
      "min": 0.22366699886333663,
      "max": 0.3156669990858063,
      "stdev": 0.01296865604637095,
      "p95": 0.2748749993770616,
      "p99": 0.3156669990858063
    },
    "csv_deserialize_many": {
      "mean": 0.1500283099267108,
      "median": 0.14987500071583781,
      "min": 0.13683399993169587,
      "max": 0.1989169995795237,
      "stdev": 0.008546699804468618,
      "p95": 0.16808299915282987,
      "p99": 0.1989169995795237
    },
    "toml_serialize_single": {
      "mean": 0.011164080038724933,
      "median": 0.010417001249152236,
      "min": 0.009291001333622262,
      "max": 0.05541700011235662,
      "stdev": 0.004670312162537747,
      "p95": 0.013958000636193901,
      "p99": 0.049416999900131486
    },
    "toml_deserialize_single": {
      "mean": 0.0472263420233503,
      "median": 0.045812499593012035,
      "min": 0.04195800102024805,
      "max": 0.09012500049720984,
      "stdev": 0.004478787175662901,
      "p95": 0.054457999794976786,
      "p99": 0.06729199958499521
    },
    "validation_valid": {
      "mean": 0.0006829539725003997,
      "median": 0.0006669997674180195,
      "min": 0.000583999280934222,
      "max": 0.004499999704421498,
      "stdev": 0.00012951001921147358,
      "p95": 0.0007910002750577405,
      "p99": 0.0008749993867240846
    },
    "validation_invalid": {
      "mean": 0.0007511920830438612,
      "median": 0.0006660011422354728,
      "min": 0.0005829988367622718,
      "max": 0.02016700091189705,
      "stdev": 0.0009950674839571765,
      "p95": 0.0008749993867240846,
      "p99": 0.0012500004231696948
    },
    "memory_many_fields": {
      "mean": 0.07612697994773043,
      "median": 0.07416599964926718,
      "min": 0.06795799890824128,
      "max": 0.1588750001246808,
      "stdev": 0.01285457517686477,
      "p95": 0.09112499901675619,
      "p99": 0.1588750001246808
    },
    "memory_large_model": {
      "mean": 3.0405816799611785,
      "median": 3.004896000675217,
      "min": 2.8671250001934823,
      "max": 3.6727499991684454,
      "stdev": 0.16656480161321832,
      "p95": 3.4917079992737854,
      "p99": 3.6727499991684454
    }
  }
}