{
  "metadata": {
    "pydapter_version": "0.3.0",
    "pydantic_version": "2.10.6",
    "python_version": "3.10.15 (main, Oct 16 2024, 08:33:15) [Clang 18.1.8 ]",
    "timestamp": "2025-06-13T00:05:35.765540+00:00",
    "iterations": 5000,
    "features": {
      "has_field": true,
      "has_fieldtemplate": true,
      "has_templates": true,
      "has_traits": false
    },
    "benchmark_version": "2.0"
  },
  "benchmarks": {
    "field_creation_legacy": {
      "mean": 3.476458592194831,
      "median": 3.166000169585459,
      "min": 2.749999111983925,
      "max": 148.66600031382404,
      "stdev": 3.4251614577702445,
      "p95": 5.87499926041346,
      "p99": 7.707998520345427,
      "unit": "\u03bcs"
    },
    "field_creation_kwargs": {
      "mean": 1596.9969997968292,
      "median": 709.0002327458933,
      "min": 665.9993232460693,
      "max": 1629459.000469069,
      "stdev": 27407.620511622994,
      "p95": 1957.9983927542344,
      "p99": 2124.9998098937795,
      "unit": "ns"
    },
    "field_creation_complex": {
      "mean": 989.3300411931705,
      "median": 958.0016921972856,
      "min": 915.9994078800082,
      "max": 9957.999282050878,
      "stdev": 405.5992738774422,
      "p95": 1041.9989848742262,
      "p99": 1084.0012691915035,
      "unit": "ns"
    },
    "model_creation_simple": {
      "mean": 315.63793199529755,
      "median": 302.99949958134675,
      "min": 266.0410009411862,
      "max": 591.7500002396991,
      "stdev": 42.59294082118456,
      "p95": 400.7919997093268,
      "p99": 474.9999989144271,
      "unit": "\u03bcs"
    },
    "model_creation_complex": {
      "mean": 439.14664594922215,
      "median": 419.8125006951159,
      "min": 379.45800067973323,
      "max": 644.4169994210824,
      "stdev": 43.81899889372062,
      "p95": 529.9160002323333,
      "p99": 619.4580000737915,
      "unit": "\u03bcs"
    },
    "model_instantiation_simple": {
      "mean": 541.4747993199853,
      "median": 500.00016926787794,
      "min": 416.00105760153383,
      "max": 10583.000403130427,
      "stdev": 185.05151146410236,
      "p95": 666.9997674180195,
      "p99": 709.0002327458933,
      "unit": "ns"
    },
    "model_instantiation_complex": {
      "mean": 3.0467575936199864,
      "median": 2.9579987312899902,
      "min": 2.5829995138337836,
      "max": 22.542000806424767,
      "stdev": 0.47574981012353074,
      "p95": 3.7909994716756046,
      "p99": 3.9580008888151497,
      "unit": "\u03bcs"
    },
    "model_creation_templates": {
      "mean": 715.3163179609692,
      "median": 592.9164999542991,
      "min": 519.8750004637986,
      "max": 16573.0419994361,
      "stdev": 915.4282489028847,
      "p95": 876.0000000620494,
      "p99": 3787.7920003666077,
      "unit": "\u03bcs"
    },
    "json_serialize_single": {
      "mean": 1.088806623738492,
      "median": 1.0830008250195533,
      "min": 0.957999873207882,
      "max": 4.875000740867108,
      "stdev": 0.09434353221316945,
      "p95": 1.1669999366858974,
      "p99": 1.333999534836039,
      "unit": "\u03bcs"
    },
    "json_serialize_many": {
      "mean": 244.4479199948546,
      "median": 235.14600070484448,
      "min": 225.75000002689194,
      "max": 532.1669996192213,
      "stdev": 43.30456809089398,
      "p95": 296.58400126209017,
      "p99": 532.1669996192213,
      "unit": "\u03bcs"
    },
    "json_deserialize_single": {
      "mean": 1.5733355867268983,
      "median": 1.541999154142104,
      "min": 1.4159995771478862,
      "max": 30.957999115344137,
      "stdev": 0.48964521748898165,
      "p95": 1.6670001059537753,
      "p99": 1.9999988580821082,
      "unit": "\u03bcs"
    },
    "json_deserialize_many": {
      "mean": 234.0670599915029,
      "median": 229.49950016482035,
      "min": 220.9169997513527,
      "max": 364.0409995568916,
      "stdev": 20.972734296413506,
      "p95": 275.29099861567374,
      "p99": 364.0409995568916,
      "unit": "\u03bcs"
    },
    "csv_serialize_many": {
      "mean": 259.22756001818925,
      "median": 255.08299950161017,
      "min": 246.12500055809505,
      "max": 383.83299943234306,
      "stdev": 18.685705137330604,
      "p95": 291.2500003731111,
      "p99": 383.83299943234306,
      "unit": "\u03bcs"
    },
    "csv_deserialize_many": {
      "mean": 162.94168992317282,
      "median": 158.18750034668483,
      "min": 154.66600052604917,
      "max": 279.54200049862266,
      "stdev": 14.786135535626167,
      "p95": 188.3749991975492,
      "p99": 279.54200049862266,
      "unit": "\u03bcs"
    },
    "toml_serialize_single": {
      "mean": 11.847698031488108,
      "median": 10.91699959943071,
      "min": 10.416999430162832,
      "max": 61.83299956319388,
      "stdev": 5.169957157589762,
      "p95": 13.625000065076165,
      "p99": 56.332999520236626,
      "unit": "\u03bcs"
    },
    "toml_deserialize_single": {
      "mean": 50.369153988867765,
      "median": 48.24999996344559,
      "min": 45.540999053628184,
      "max": 165.99999980826396,
      "stdev": 7.785545060377767,
      "p95": 58.12499875901267,
      "p99": 80.8749991847435,
      "unit": "\u03bcs"
    },
    "validation_valid": {
      "mean": 773.3088154054713,
      "median": 709.0002327458933,
      "min": 624.9993020901456,
      "max": 121458.99927418213,
      "stdev": 1819.0730000054916,
      "p95": 792.0007192296907,
      "p99": 875.0012057134882,
      "unit": "ns"
    },
    "validation_invalid": {
      "mean": 748.7394021154614,
      "median": 709.0002327458933,
      "min": 625.0011210795492,
      "max": 39957.99852418713,
      "stdev": 638.9277217005504,
      "p95": 792.0007192296907,
      "p99": 834.0011845575646,
      "unit": "ns"
    },
    "memory_many_fields": {
      "mean": 83.8233499598573,
      "median": 79.54149896249874,
      "min": 78.0829996074317,
      "max": 336.5829998074332,
      "stdev": 25.91857205168315,
      "p95": 93.08300104748923,
      "p99": 336.5829998074332,
      "unit": "\u03bcs"
    },
    "memory_large_model": {
      "mean": 3.389833280016319,
      "median": 3.319270500469429,
      "min": 3.108416000031866,
      "max": 4.175707999820588,
      "stdev": 0.2502042753186312,
      "p95": 3.8964169998507714,
      "p99": 4.175707999820588,
      "unit": "ms"
    }
  }
}