{
  "metadata": {
    "pydapter_version": "0.2.3",
    "pydantic_version": "2.10.6",
    "python_version": "3.10.15 (main, Oct 16 2024, 08:33:15) [Clang 18.1.8 ]",
    "timestamp": "2025-06-13T00:05:18.974331+00:00",
    "iterations": 5000,
    "features": {
      "has_field": true,
      "has_fieldtemplate": true,
      "has_templates": true,
      "has_traits": false
    },
    "benchmark_version": "2.0"
  },
  "benchmarks": {
    "field_creation_legacy": {
      "mean": 3.193550404830603,
      "median": 3.166000169585459,
      "min": 2.749999111983925,
      "max": 24.54200148349628,
      "stdev": 0.5884815376279889,
      "p95": 3.3750002330634743,
      "p99": 4.083000021637417,
      "unit": "\u03bcs"
    },
    "field_creation_kwargs": {
      "mean": 683.7453776824987,
      "median": 666.9997674180195,
      "min": 583.999280934222,
      "max": 8999.999408842996,
      "stdev": 237.0984995465387,
      "p95": 709.0002327458933,
      "p99": 750.0002539018169,
      "unit": "ns"
    },
    "field_creation_complex": {
      "mean": 1112.6159952254966,
      "median": 957.999873207882,
      "min": 833.999365568161,
      "max": 13916.000170866027,
      "stdev": 1082.0570544767966,
      "p95": 1209.0004020137712,
      "p99": 7832.999472157098,
      "unit": "ns"
    },
    "model_creation_simple": {
      "mean": 303.49591999402037,
      "median": 290.97899914631853,
      "min": 259.7919992695097,
      "max": 512.2500006109476,
      "stdev": 34.556000251434476,
      "p95": 370.7089999807067,
      "p99": 429.457999416627,
      "unit": "\u03bcs"
    },
    "model_creation_complex": {
      "mean": 445.35843595076585,
      "median": 421.37500076933065,
      "min": 376.6249992622761,
      "max": 768.9579997531837,
      "stdev": 55.968732109516004,
      "p95": 538.3750012697419,
      "p99": 659.9579992325744,
      "unit": "\u03bcs"
    },
    "model_instantiation_simple": {
      "mean": 526.8142071145121,
      "median": 500.00016926787794,
      "min": 415.9992386121303,
      "max": 10084.0006780345,
      "stdev": 168.3415613654049,
      "p95": 583.0006557516754,
      "p99": 666.9997674180195,
      "unit": "ns"
    },
    "model_instantiation_complex": {
      "mean": 3.0778397904214216,
      "median": 2.999999196617864,
      "min": 2.6249999791616574,
      "max": 22.083000658312812,
      "stdev": 0.6665359226243812,
      "p95": 3.7500012695090845,
      "p99": 4.166000508121215,
      "unit": "\u03bcs"
    },
    "model_creation_templates": {
      "mean": 604.9905940308236,
      "median": 571.145999856526,
      "min": 523.1249997450504,
      "max": 1168.4590008371742,
      "stdev": 73.74798187086887,
      "p95": 754.3749998148996,
      "p99": 883.5839998937445,
      "unit": "\u03bcs"
    },
    "json_serialize_single": {
      "mean": 1.0916778112004977,
      "median": 1.0420008038636297,
      "min": 0.8330007403856143,
      "max": 20.292000044719316,
      "stdev": 0.44139652299221754,
      "p95": 1.2910004443256184,
      "p99": 1.4170000213198364,
      "unit": "\u03bcs"
    },
    "json_serialize_many": {
      "mean": 228.56209996461985,
      "median": 224.4375000373111,
      "min": 219.16699915891513,
      "max": 280.0410002237186,
      "stdev": 11.234260833298805,
      "p95": 262.2089996293653,
      "p99": 280.0410002237186,
      "unit": "\u03bcs"
    },
    "json_deserialize_single": {
      "mean": 1.5736056073365035,
      "median": 1.5410005289595574,
      "min": 1.2920008884975687,
      "max": 53.45800127543043,
      "stdev": 1.0620649671989917,
      "p95": 1.6249996406259015,
      "p99": 1.9589988369261846,
      "unit": "\u03bcs"
    },
    "json_deserialize_many": {
      "mean": 226.92461008773535,
      "median": 222.93749952950748,
      "min": 202.20800070092082,
      "max": 321.0419999959413,
      "stdev": 17.290993218868152,
      "p95": 250.0000009604264,
      "p99": 321.0419999959413,
      "unit": "\u03bcs"
    },
    "csv_serialize_many": {
      "mean": 258.66863999908674,
      "median": 256.64550048531964,
      "min": 227.87499983678572,
      "max": 348.4579992800718,
      "stdev": 18.23676115018735,
      "p95": 296.45799986610655,
      "p99": 348.4579992800718,
      "unit": "\u03bcs"
    },
    "csv_deserialize_many": {
      "mean": 155.36831999270362,
      "median": 153.6664995001047,
      "min": 139.37499898020178,
      "max": 226.87499949824996,
      "stdev": 10.077955686156272,
      "p95": 170.62499864550773,
      "p99": 226.87499949824996,
      "unit": "\u03bcs"
    },
    "toml_serialize_single": {
      "mean": 11.164110004756367,
      "median": 10.375000783824362,
      "min": 9.291999958804809,
      "max": 57.62499858974479,
      "stdev": 4.6900953946368436,
      "p95": 13.374999980442226,
      "p99": 50.20800017518923,
      "unit": "\u03bcs"
    },
    "toml_deserialize_single": {
      "mean": 48.24725605067215,
      "median": 46.20800064003561,
      "min": 44.91700019570999,
      "max": 176.1250005074544,
      "stdev": 7.867844937709568,
      "p95": 56.66700053552631,
      "p99": 80.3339989943197,
      "unit": "\u03bcs"
    },
    "validation_valid": {
      "mean": 719.6608294179896,
      "median": 666.9997674180195,
      "min": 582.9988367622718,
      "max": 45124.99981501605,
      "stdev": 856.384429449159,
      "p95": 750.0002539018169,
      "p99": 2459.000825183466,
      "unit": "ns"
    },
    "validation_invalid": {
      "mean": 690.9902051120298,
      "median": 666.0011422354728,
      "min": 540.998371434398,
      "max": 26375.000743428245,
      "stdev": 561.6020284421348,
      "p95": 750.0002539018169,
      "p99": 916.0012268694118,
      "unit": "ns"
    },
    "memory_many_fields": {
      "mean": 77.1345800239942,
      "median": 74.22950056934496,
      "min": 68.04099939472508,
      "max": 197.666999156354,
      "stdev": 14.092166739969008,
      "p95": 86.41599924885668,
      "p99": 197.666999156354,
      "unit": "\u03bcs"
    },
    "memory_large_model": {
      "mean": 3.0795558599493233,
      "median": 3.0335419996845303,
      "min": 2.9256249999889405,
      "max": 3.7100420013302937,
      "stdev": 0.1681716377041037,
      "p95": 3.549249999196036,
      "p99": 3.7100420013302937,
      "unit": "ms"
    }
  }
}