{
  "metadata": {
    "pydapter_version": "0.3.3",
    "pydantic_version": "2.11.5",
    "python_version": "3.10.15 (main, Oct 16 2024, 08:33:15) [Clang 18.1.8 ]",
    "timestamp": "2025-06-12T23:39:08.364703+00:00",
    "iterations": 1000,
    "features": {
      "has_field": true,
      "has_fieldtemplate": true,
      "has_templates": true
    }
  },
  "benchmarks": {
    "field_creation_legacy": {
      "mean": 0.003454657988186227,
      "median": 0.0033329997677356005,
      "min": 0.0031250001484295353,
      "max": 0.05733399848395493,
      "stdev": 0.0018976137423118912,
      "p95": 0.0035000011848751456,
      "p99": 0.004999999873689376
    },
    "field_creation_chaining": {
      "mean": 0.0022217859277589014,
      "median": 0.0021670002752216533,
      "min": 0.001999998858082108,
      "max": 0.02220799979113508,
      "stdev": 0.0006619905890186534,
      "p95": 0.0023749998945277184,
      "p99": 0.0026249999791616574
    },
    "field_creation_kwargs": {
      "mean": 0.0009688309855846455,
      "median": 0.000957999873207882,
      "min": 0.0008749993867240846,
      "max": 0.003791999915847555,
      "stdev": 9.891295190650242e-05,
      "p95": 0.0010419989848742262,
      "p99": 0.0010839994502021
    },
    "field_creation_complex": {
      "mean": 0.0021415800365502946,
      "median": 0.002083999788737856,
      "min": 0.001999998858082108,
      "max": 0.014792000001762062,
      "stdev": 0.0005792436020021851,
      "p95": 0.0022920012270333245,
      "p99": 0.0027500009309733286
    },
    "model_creation_simple": {
      "mean": 0.2843059259976144,
      "median": 0.2638755004227278,
      "min": 0.23991699890757445,
      "max": 0.6392920004145708,
      "stdev": 0.05330899170250207,
      "p95": 0.4157920011493843,
      "p99": 0.48337499902118
    },
    "model_creation_complex": {
      "mean": 0.3966751060288516,
      "median": 0.3299585005152039,
      "min": 0.28812500022468157,
      "max": 5.988082999465405,
      "stdev": 0.3193889878091732,
      "p95": 0.5700829988199985,
      "p99": 1.3294169984874316
    },
    "model_instantiation_simple": {
      "mean": 0.002372687005845364,
      "median": 0.002333001248189248,
      "min": 0.0019160015654051676,
      "max": 0.01904199962154962,
      "stdev": 0.0005430294806252612,
      "p95": 0.002499999027349986,
      "p99": 0.0028340000426396728
    },
    "model_instantiation_complex": {
      "mean": 0.003213877980670077,
      "median": 0.0030829996831016615,
      "min": 0.0025000008463393897,
      "max": 0.03604199991968926,
      "stdev": 0.00171026295222913,
      "p95": 0.0035409993870416656,
      "p99": 0.004707999323727563
    },
    "model_creation_templates": {
      "mean": 0.7136930240012589,
      "median": 0.6788539994886378,
      "min": 0.5943750002188608,
      "max": 1.1627919993770774,
      "stdev": 0.08813432494448596,
      "p95": 0.8939590006775688,
      "p99": 1.0093330001836875
    },
    "json_serialize_single": {
      "mean": 0.0013906640269851778,
      "median": 0.0011669999366858974,
      "min": 0.0010829990060301498,
      "max": 0.05320899981597904,
      "stdev": 0.0019029600373482495,
      "p95": 0.0017500005924375728,
      "p99": 0.006083000698708929
    },
    "json_serialize_many": {
      "mean": 0.2419520899275085,
      "median": 0.24006249986996409,
      "min": 0.216958000237355,
      "max": 0.3713749993039528,
      "stdev": 0.020889543811671726,
      "p95": 0.2704580001591239,
      "p99": 0.3713749993039528
    },
    "json_deserialize_single": {
      "mean": 0.0016108329837152269,
      "median": 0.0015829991752980277,
      "min": 0.0014159995771478862,
      "max": 0.011083000572398305,
      "stdev": 0.0005101474717330206,
      "p95": 0.0016670001059537753,
      "p99": 0.004583998816087842
    },
    "json_deserialize_many": {
      "mean": 0.23241960006998852,
      "median": 0.22727049963577883,
      "min": 0.207291001061094,
      "max": 0.3516670003591571,
      "stdev": 0.019143188001617534,
      "p95": 0.2667499993549427,
      "p99": 0.3516670003591571
    },
    "csv_serialize_many": {
      "mean": 0.26976827010003035,
      "median": 0.26783350040204823,
      "min": 0.24408399985986762,
      "max": 0.3334579996590037,
      "stdev": 0.011507378612335181,
      "p95": 0.288874998659594,
      "p99": 0.3334579996590037
    },
    "csv_deserialize_many": {
      "mean": 0.15470451000510366,
      "median": 0.15250000069499947,
      "min": 0.13916599891672377,
      "max": 0.19895899822586216,
      "stdev": 0.010620629081789068,
      "p95": 0.17341700004180893,
      "p99": 0.19895899822586216
    },
    "toml_serialize_single": {
      "mean": 0.011938817984628258,
      "median": 0.011000000085914508,
      "min": 0.010332998499507084,
      "max": 0.08441600039077457,
      "stdev": 0.006039839592598108,
      "p95": 0.013500000932253897,
      "p99": 0.053916999604552984
    },
    "toml_deserialize_single": {
      "mean": 0.048128493916010484,
      "median": 0.04729149986815173,
      "min": 0.04329200055508409,
      "max": 0.11858300058520399,
      "stdev": 0.005697799026662458,
      "p95": 0.05437500112748239,
      "p99": 0.061790999097866006
    },
    "memory_many_fields": {
      "mean": 0.10104168008183478,
      "median": 0.09864549974736292,
      "min": 0.0870000003487803,
      "max": 0.3194999990228098,
      "stdev": 0.022885507500473,
      "p95": 0.10958299935737159,
      "p99": 0.3194999990228098
    },
    "memory_large_model": {
      "mean": 3.2297449999896344,
      "median": 3.3401455011699,
      "min": 2.593541999885929,
      "max": 4.173708999587689,
      "stdev": 0.4016453270813552,
      "p95": 3.974457998992875,
      "p99": 4.173708999587689
    }
  }
}