{
  "metadata": {
    "pydapter_version": "0.3.2",
    "pydantic_version": "2.10.6",
    "python_version": "3.10.15 (main, Oct 16 2024, 08:33:15) [Clang 18.1.8 ]",
    "timestamp": "2025-06-12T23:28:55.075307+00:00",
    "iterations": 1000,
    "features": {
      "has_field": true,
      "has_fieldtemplate": true,
      "has_templates": true
    }
  },
  "benchmarks": {
    "field_creation_legacy": {
      "mean": 0.003225330025088624,
      "median": 0.003207998815923929,
      "min": 0.00291600008495152,
      "max": 0.013750001016887836,
      "stdev": 0.0003792980001155674,
      "p95": 0.0034169988794019446,
      "p99": 0.004042000000481494
    },
    "field_creation_kwargs": {
      "mean": 0.000705759954144014,
      "median": 0.0007079997885739431,
      "min": 0.0005830006557516754,
      "max": 0.006709000444971025,
      "stdev": 0.0001975706816708539,
      "p95": 0.0007500002539018169,
      "p99": 0.000833999365568161
    },
    "field_creation_complex": {
      "mean": 0.0009754219827300403,
      "median": 0.000957999873207882,
      "min": 0.0008749993867240846,
      "max": 0.006000000212225132,
      "stdev": 0.0002393062143106966,
      "p95": 0.0011659994925139472,
      "p99": 0.0013340013538254425
    },
    "model_creation_simple": {
      "mean": 0.30838273794870474,
      "median": 0.29460400037351064,
      "min": 0.2550830013205996,
      "max": 0.5585420003626496,
      "stdev": 0.04019655366741351,
      "p95": 0.39316699985647574,
      "p99": 0.4806670003745239
    },
    "model_creation_complex": {
      "mean": 0.4446129060233943,
      "median": 0.42114549978578,
      "min": 0.3774999986490002,
      "max": 0.9609590015315916,
      "stdev": 0.06093772855975918,
      "p95": 0.5467909995786613,
      "p99": 0.7025840004644124
    },
    "model_instantiation_simple": {
      "mean": 0.0005007620038668392,
      "median": 0.0005000001692678779,
      "min": 0.00041600105760153383,
      "max": 0.003541999831213616,
      "stdev": 0.00012640224855246568,
      "p95": 0.0005420006345957518,
      "p99": 0.0006250011210795492
    },
    "model_instantiation_complex": {
      "mean": 0.003085208007178153,
      "median": 0.002999999196617864,
      "min": 0.0028750000637955964,
      "max": 0.012833001164835878,
      "stdev": 0.0006498497140030455,
      "p95": 0.003249999281251803,
      "p99": 0.006416999895009212
    },
    "model_creation_templates": {
      "mean": 0.5805285699752858,
      "median": 0.5564789998970809,
      "min": 0.5024999991292134,
      "max": 0.9802910008147592,
      "stdev": 0.05764823963203614,
      "p95": 0.6721250010741642,
      "p99": 0.8007080014067469
    },
    "json_serialize_single": {
      "mean": 0.0011292639810562832,
      "median": 0.0010000003385357559,
      "min": 0.0009159994078800082,
      "max": 0.048040999899967574,
      "stdev": 0.0015971880368969888,
      "p95": 0.001333999534836039,
      "p99": 0.004666999302571639
    },
    "json_serialize_many": {
      "mean": 0.22661783999865293,
      "median": 0.22291699951892952,
      "min": 0.20429200048965868,
      "max": 0.37454099947353825,
      "stdev": 0.021149585797681496,
      "p95": 0.26420799986226484,
      "p99": 0.37454099947353825
    },
    "json_deserialize_single": {
      "mean": 0.001552875988636515,
      "median": 0.0015000005078036338,
      "min": 0.0013329990906640887,
      "max": 0.0057920005929190665,
      "stdev": 0.0004350652023663904,
      "p95": 0.0016249996406259015,
      "p99": 0.004666999302571639
    },
    "json_deserialize_many": {
      "mean": 0.2223866601161717,
      "median": 0.2199789996666368,
      "min": 0.20241599850123748,
      "max": 0.3001670011144597,
      "stdev": 0.011346046807852625,
      "p95": 0.22891699882165994,
      "p99": 0.3001670011144597
    },
    "csv_serialize_many": {
      "mean": 0.25267505006922875,
      "median": 0.2492500007065246,
      "min": 0.23095799951988738,
      "max": 0.36904200169374235,
      "stdev": 0.014349061869753663,
      "p95": 0.2708330011955695,
      "p99": 0.36904200169374235
    },
    "csv_deserialize_many": {
      "mean": 0.15553549004835077,
      "median": 0.15204199917207006,
      "min": 0.13708300139114726,
      "max": 0.21258400010992773,
      "stdev": 0.013645298166472716,
      "p95": 0.1829169996199198,
      "p99": 0.21258400010992773
    },
    "toml_serialize_single": {
      "mean": 0.011278974030574318,
      "median": 0.010540999937802553,
      "min": 0.009499999578110874,
      "max": 0.09633299850975163,
      "stdev": 0.005976418576603157,
      "p95": 0.011750000339816324,
      "p99": 0.04870900011155754
    },
    "toml_deserialize_single": {
      "mean": 0.04766915798973059,
      "median": 0.04658350098907249,
      "min": 0.04291600089345593,
      "max": 0.09400000089954119,
      "stdev": 0.004659348188254943,
      "p95": 0.05420799971034285,
      "p99": 0.06341699918266386
    },
    "validation_valid": {
      "mean": 0.0006780780004191911,
      "median": 0.0006669997674180195,
      "min": 0.0005829988367622718,
      "max": 0.002791999577311799,
      "stdev": 7.293716633150305e-05,
      "p95": 0.0007090002327458933,
      "p99": 0.0007500002539018169
    },
    "validation_invalid": {
      "mean": 0.000739406974389567,
      "median": 0.0007079997885739431,
      "min": 0.000583999280934222,
      "max": 0.019041000996367075,
      "stdev": 0.0007427219296717752,
      "p95": 0.0008330007403856143,
      "p99": 0.0009999985195463523
    },
    "memory_many_fields": {
      "mean": 0.07439912995323539,
      "median": 0.07454099977621809,
      "min": 0.06820899943704717,
      "max": 0.12483399950724561,
      "stdev": 0.00608077638559089,
      "p95": 0.07933400047477335,
      "p99": 0.12483399950724561
    },
    "memory_large_model": {
      "mean": 3.2695206600328675,
      "median": 3.1881459999567596,
      "min": 2.972291000332916,
      "max": 4.130958001042018,
      "stdev": 0.2513113552076783,
      "p95": 3.7976669991621748,
      "p99": 4.130958001042018
    }
  }
}