{
  "metadata": {
    "pydapter_version": "0.3.1",
    "pydantic_version": "2.10.6",
    "python_version": "3.10.15 (main, Oct 16 2024, 08:33:15) [Clang 18.1.8 ]",
    "timestamp": "2025-06-12T23:28:49.536417+00:00",
    "iterations": 1000,
    "features": {
      "has_field": true,
      "has_fieldtemplate": true,
      "has_templates": true
    }
  },
  "benchmarks": {
    "field_creation_legacy": {
      "mean": 0.0032356800147681497,
      "median": 0.003207998815923929,
      "min": 0.00291700052912347,
      "max": 0.010334000762668438,
      "stdev": 0.000421710712731916,
      "p95": 0.003416000254219398,
      "p99": 0.004083000021637417
    },
    "field_creation_kwargs": {
      "mean": 0.0007058379796944791,
      "median": 0.0006669997674180195,
      "min": 0.0006249993020901456,
      "max": 0.01491699913458433,
      "stdev": 0.0004896821977924406,
      "p95": 0.0007500002539018169,
      "p99": 0.0008330007403856143
    },
    "field_creation_complex": {
      "mean": 0.0008434999908786267,
      "median": 0.0008330007403856143,
      "min": 0.000790998456068337,
      "max": 0.003917000867659226,
      "stdev": 0.00014351302039064572,
      "p95": 0.0008750012057134882,
      "p99": 0.000957999873207882
    },
    "model_creation_simple": {
      "mean": 0.31431300393524,
      "median": 0.28868800018244656,
      "min": 0.25599999935366213,
      "max": 0.6848330012871884,
      "stdev": 0.05353695486407653,
      "p95": 0.41283300015493296,
      "p99": 0.5219579998083645
    },
    "model_creation_complex": {
      "mean": 0.46663733202876756,
      "median": 0.44027100011589937,
      "min": 0.3770830007852055,
      "max": 0.8205419999285368,
      "stdev": 0.06870758245122538,
      "p95": 0.6169160005811136,
      "p99": 0.7229580005514435
    },
    "model_instantiation_simple": {
      "mean": 0.0005218339611019474,
      "median": 0.0005000001692678779,
      "min": 0.0004579997039400041,
      "max": 0.002459000825183466,
      "stdev": 6.692186061364719e-05,
      "p95": 0.0005420006345957518,
      "p99": 0.0005840010999236256
    },
    "model_instantiation_complex": {
      "mean": 0.0033345039446430746,
      "median": 0.003249999281251803,
      "min": 0.002958000550279394,
      "max": 0.02829200093401596,
      "stdev": 0.0008565174238707976,
      "p95": 0.0038750004023313522,
      "p99": 0.004208999598631635
    },
    "model_creation_templates": {
      "mean": 0.6495203260383278,
      "median": 0.5815209997308557,
      "min": 0.4987920001440216,
      "max": 2.7381660001992714,
      "stdev": 0.22980768930740425,
      "p95": 0.9053750000020955,
      "p99": 2.141791999747511
    },
    "json_serialize_single": {
      "mean": 0.0012316680113144685,
      "median": 0.0010420008038636297,
      "min": 0.000957999873207882,
      "max": 0.0897919999260921,
      "stdev": 0.003006980276348934,
      "p95": 0.001375001374981366,
      "p99": 0.0015420009731315076
    },
    "json_serialize_many": {
      "mean": 0.2258021300440305,
      "median": 0.22287499996309634,
      "min": 0.20391700127220247,
      "max": 0.32729200029280037,
      "stdev": 0.019869572760954142,
      "p95": 0.2590000003692694,
      "p99": 0.32729200029280037
    },
    "json_deserialize_single": {
      "mean": 0.0014340980214910815,
      "median": 0.001375001374981366,
      "min": 0.0012919990695081651,
      "max": 0.005208999937167391,
      "stdev": 0.00030954051213741247,
      "p95": 0.0015409987099701539,
      "p99": 0.003457998900557868
    },
    "json_deserialize_many": {
      "mean": 0.22173248000399326,
      "median": 0.2205419996244018,
      "min": 0.2023329998337431,
      "max": 0.26854200041270815,
      "stdev": 0.011610765338959841,
      "p95": 0.24200000007112976,
      "p99": 0.26854200041270815
    },
    "csv_serialize_many": {
      "mean": 0.2572915998644021,
      "median": 0.25395799912075745,
      "min": 0.23141599922382738,
      "max": 0.3071249993809033,
      "stdev": 0.011571432940258686,
      "p95": 0.27933299861615524,
      "p99": 0.3071249993809033
    },
    "csv_deserialize_many": {
      "mean": 0.15944920987749356,
      "median": 0.1511665004727547,
      "min": 0.13575000048149377,
      "max": 0.279665999187273,
      "stdev": 0.021446698628173607,
      "p95": 0.20025000048917718,
      "p99": 0.279665999187273
    },
    "toml_serialize_single": {
      "mean": 0.010885815969231771,
      "median": 0.010333000318496488,
      "min": 0.009707999197416939,
      "max": 0.07058400115056429,
      "stdev": 0.004703636233755124,
      "p95": 0.01091699959943071,
      "p99": 0.049250000301981345
    },
    "toml_deserialize_single": {
      "mean": 0.048341569970943965,
      "median": 0.04587500006891787,
      "min": 0.04145900129515212,
      "max": 0.17283399938605726,
      "stdev": 0.008946259467914386,
      "p95": 0.05879099990124814,
      "p99": 0.08275000072899275
    },
    "validation_valid": {
      "mean": 0.0006731499797751894,
      "median": 0.0006669997674180195,
      "min": 0.0006249993020901456,
      "max": 0.0028340000426396728,
      "stdev": 7.469723677650771e-05,
      "p95": 0.0007090002327458933,
      "p99": 0.0007500002539018169
    },
    "validation_invalid": {
      "mean": 0.0006328770214167889,
      "median": 0.0006249993020901456,
      "min": 0.0005419988156063482,
      "max": 0.006666999979643151,
      "stdev": 0.00019348453964727105,
      "p95": 0.0006669997674180195,
      "p99": 0.0007090002327458933
    },
    "memory_many_fields": {
      "mean": 0.07434004002789152,
      "median": 0.07399999958579428,
      "min": 0.06766600017726887,
      "max": 0.1405000002705492,
      "stdev": 0.008265972583399804,
      "p95": 0.08225000055972487,
      "p99": 0.1405000002705492
    },
    "memory_large_model": {
      "mean": 3.079091739928117,
      "median": 3.027271000064502,
      "min": 2.91924999874027,
      "max": 3.5499160003382713,
      "stdev": 0.15445481703887684,
      "p95": 3.5312499985593604,
      "p99": 3.5499160003382713
    }
  }
}