{
  "metadata": {
    "pydapter_version": "0.3.3",
    "pydantic_version": "2.11.5",
    "python_version": "3.10.15 (main, Oct 16 2024, 08:33:15) [Clang 18.1.8 ]",
    "timestamp": "2025-06-13T00:06:39.878054+00:00",
    "iterations": 5000,
    "features": {
      "has_field": true,
      "has_fieldtemplate": true,
      "has_templates": true,
      "has_traits": true
    },
    "benchmark_version": "2.0"
  },
  "benchmarks": {
    "field_creation_legacy": {
      "mean": 3.078396394266747,
      "median": 3.041999661945738,
      "min": 2.7079986466560513,
      "max": 78.5409993113717,
      "stdev": 1.2196426391428477,
      "p95": 3.291999746579677,
      "p99": 3.8329999370034784,
      "unit": "\u03bcs"
    },
    "field_creation_chaining": {
      "mean": 2.020419995460543,
      "median": 2.0000006770715117,
      "min": 1.791999238776043,
      "max": 12.624999726540409,
      "stdev": 0.260057508151663,
      "p95": 2.1249998098937795,
      "p99": 2.5420013116672635,
      "unit": "\u03bcs"
    },
    "field_creation_kwargs": {
      "mean": 914.8456174443709,
      "median": 916.0012268694118,
      "min": 832.9989213962108,
      "max": 7999.99907030724,
      "stdev": 134.73689206188118,
      "p95": 959.0003173798323,
      "p99": 1124.9994713580236,
      "unit": "ns"
    },
    "field_creation_complex": {
      "mean": 1.9332460469740909,
      "median": 1.8749997252598405,
      "min": 1.7500005924375728,
      "max": 6.124999345047399,
      "stdev": 0.25834673500732647,
      "p95": 2.458000381011516,
      "p99": 2.6249999791616574,
      "unit": "\u03bcs"
    },
    "model_creation_simple": {
      "mean": 260.5454960030329,
      "median": 249.37499983934686,
      "min": 222.66700034379028,
      "max": 504.6250007580966,
      "stdev": 32.80918001404157,
      "p95": 326.8750006100163,
      "p99": 395.70799890498165,
      "unit": "\u03bcs"
    },
    "model_creation_complex": {
      "mean": 345.9923460613936,
      "median": 325.45799876970705,
      "min": 286.8749998015119,
      "max": 623.707999693579,
      "stdev": 53.65317233983848,
      "p95": 455.917001090711,
      "p99": 580.7079996884568,
      "unit": "\u03bcs"
    },
    "model_instantiation_simple": {
      "mean": 2.2637728026893456,
      "median": 2.249998942716047,
      "min": 1.9590006559155881,
      "max": 12.708000213024206,
      "stdev": 0.29771120543948604,
      "p95": 2.4170003598555923,
      "p99": 2.91700052912347,
      "unit": "\u03bcs"
    },
    "model_instantiation_complex": {
      "mean": 3.033078816952184,
      "median": 3.0000010156072676,
      "min": 2.666000000317581,
      "max": 11.207999705220573,
      "stdev": 0.2488763574325573,
      "p95": 3.209001079085283,
      "p99": 3.8329999370034784,
      "unit": "\u03bcs"
    },
    "model_creation_templates": {
      "mean": 705.5977600612096,
      "median": 663.0420011788374,
      "min": 595.457999224891,
      "max": 2709.2090003861813,
      "stdev": 150.67413511968743,
      "p95": 893.1250013120007,
      "p99": 1223.7499995535472,
      "unit": "\u03bcs"
    },
    "json_serialize_single": {
      "mean": 1.3704001878068084,
      "median": 1.3749995559919626,
      "min": 1.1659994925139472,
      "max": 11.625001206994057,
      "stdev": 0.18987599535761668,
      "p95": 1.4590004866477102,
      "p99": 1.5830009942874312,
      "unit": "\u03bcs"
    },
    "json_serialize_many": {
      "mean": 249.54664993856568,
      "median": 243.0834992992459,
      "min": 219.7499998146668,
      "max": 371.62500120757613,
      "stdev": 24.06489321908829,
      "p95": 303.20899895741604,
      "p99": 371.62500120757613,
      "unit": "\u03bcs"
    },
    "json_deserialize_single": {
      "mean": 1.6725342109566554,
      "median": 1.6659996617818251,
      "min": 1.4170000213198364,
      "max": 42.83399903215468,
      "stdev": 0.7447628641153137,
      "p95": 1.7920010577654466,
      "p99": 2.1249998098937795,
      "unit": "\u03bcs"
    },
    "json_deserialize_many": {
      "mean": 226.0120301070856,
      "median": 221.75000049173832,
      "min": 204.7910002147546,
      "max": 314.4999991491204,
      "stdev": 16.313495181978244,
      "p95": 252.75000007241033,
      "p99": 314.4999991491204,
      "unit": "\u03bcs"
    },
    "csv_serialize_many": {
      "mean": 267.73249002872035,
      "median": 264.41699992574286,
      "min": 256.2500012572855,
      "max": 331.20800071628764,
      "stdev": 11.855732442938363,
      "p95": 299.95899967616424,
      "p99": 331.20800071628764,
      "unit": "\u03bcs"
    },
    "csv_deserialize_many": {
      "mean": 155.54379002423957,
      "median": 152.83349966921378,
      "min": 149.70799929869827,
      "max": 204.91699979174882,
      "stdev": 8.269038182168345,
      "p95": 172.9159994283691,
      "p99": 204.91699979174882,
      "unit": "\u03bcs"
    },
    "toml_serialize_single": {
      "mean": 11.749301967938663,
      "median": 10.666999514796771,
      "min": 9.790999683900736,
      "max": 126.7909992748173,
      "stdev": 7.040064525793705,
      "p95": 13.500000932253897,
      "p99": 53.70899998524692,
      "unit": "\u03bcs"
    },
    "toml_deserialize_single": {
      "mean": 46.3771419817931,
      "median": 45.58299951895606,
      "min": 41.75000140094198,
      "max": 155.12500067416113,
      "stdev": 6.628409511477893,
      "p95": 50.75000080978498,
      "p99": 67.0000008540228,
      "unit": "\u03bcs"
    },
    "memory_many_fields": {
      "mean": 93.84206005051965,
      "median": 93.3955006985343,
      "min": 85.5409998621326,
      "max": 128.49999984609894,
      "stdev": 5.180158071189617,
      "p95": 99.2499990388751,
      "p99": 128.49999984609894,
      "unit": "\u03bcs"
    },
    "memory_large_model": {
      "mean": 2.7094141799170757,
      "median": 2.6625829996191896,
      "min": 2.5738749991432996,
      "max": 3.2680830008757766,
      "stdev": 0.16021280378303718,
      "p95": 3.168791999996756,
      "p99": 3.2680830008757766,
      "unit": "ms"
    },
    "trait_enum_access": {
      "mean": 272.8740011662012,
      "median": 250.00008463393897,
      "min": 207.99961930606514,
      "max": 4916.999387205578,
      "stdev": 72.75232583004362,
      "p95": 332.99875212833285,
      "p99": 374.9992174562067,
      "unit": "ns"
    },
    "trait_registry_creation": {
      "mean": 174.5740337355528,
      "median": 166.99959815014154,
      "min": 124.99913282226771,
      "max": 957.999873207882,
      "stdev": 42.56623839791254,
      "p95": 209.00006347801536,
      "p99": 250.00008463393897,
      "unit": "ns"
    },
    "trait_composition": {
      "mean": 2.483083964762045,
      "median": 2.458000381011516,
      "min": 2.2909989638719708,
      "max": 15.540999811491929,
      "stdev": 0.5952222113540853,
      "p95": 2.6249999791616574,
      "p99": 2.8750000637955964,
      "unit": "\u03bcs"
    },
    "trait_like_class": {
      "mean": 3.541563983162632,
      "median": 2.959000994451344,
      "min": 2.5409990485059097,
      "max": 66.41700019827113,
      "stdev": 4.97687271334349,
      "p95": 3.917000867659226,
      "p99": 14.291999832494184,
      "unit": "\u03bcs"
    }
  }
}