{
  "metadata": {
    "pydapter_version": "0.3.1",
    "pydantic_version": "2.10.6",
    "python_version": "3.10.15 (main, Oct 16 2024, 08:33:15) [Clang 18.1.8 ]",
    "timestamp": "2025-06-13T00:05:41.996105+00:00",
    "iterations": 5000,
    "features": {
      "has_field": true,
      "has_fieldtemplate": true,
      "has_templates": true,
      "has_traits": false
    },
    "benchmark_version": "2.0"
  },
  "benchmarks": {
    "field_creation_legacy": {
      "mean": 3.469793598924298,
      "median": 3.249999281251803,
      "min": 2.708000465645455,
      "max": 56.62500007019844,
      "stdev": 1.3508857387838311,
      "p95": 4.207999154459685,
      "p99": 4.500001523410901,
      "unit": "\u03bcs"
    },
    "field_creation_kwargs": {
      "mean": 882.7201912936289,
      "median": 875.0012057134882,
      "min": 665.9993232460693,
      "max": 4708.999767899513,
      "stdev": 109.78274587496865,
      "p95": 1041.0003596916795,
      "p99": 1083.9994502021,
      "unit": "ns"
    },
    "field_creation_complex": {
      "mean": 883.4979962557554,
      "median": 874.9993867240846,
      "min": 790.998456068337,
      "max": 2917.00052912347,
      "stdev": 102.95939500671946,
      "p95": 959.0003173798323,
      "p99": 1000.0003385357559,
      "unit": "ns"
    },
    "model_creation_simple": {
      "mean": 321.7291579749144,
      "median": 296.75000041606836,
      "min": 257.3330002633156,
      "max": 642.3750000976725,
      "stdev": 54.29877609951865,
      "p95": 418.7909999018302,
      "p99": 578.9579990960192,
      "unit": "\u03bcs"
    },
    "model_creation_complex": {
      "mean": 443.2990239911305,
      "median": 425.6040001564543,
      "min": 384.16700044763274,
      "max": 643.0840003304183,
      "stdev": 41.23755132882316,
      "p95": 527.5830008031335,
      "p99": 619.0410003910074,
      "unit": "\u03bcs"
    },
    "model_instantiation_simple": {
      "mean": 508.0098162579816,
      "median": 500.00016926787794,
      "min": 375.0010364456102,
      "max": 3458.0007195472717,
      "stdev": 63.13517750620045,
      "p95": 583.0006557516754,
      "p99": 624.9993020901456,
      "unit": "ns"
    },
    "model_instantiation_complex": {
      "mean": 2.985399002136546,
      "median": 2.958000550279394,
      "min": 2.6669986255001277,
      "max": 17.083000784623437,
      "stdev": 0.3298406067792073,
      "p95": 3.1250001484295353,
      "p99": 3.6250003176974133,
      "unit": "\u03bcs"
    },
    "model_creation_templates": {
      "mean": 591.8951779494819,
      "median": 558.2290004895185,
      "min": 504.66699940443505,
      "max": 1123.5830006626202,
      "stdev": 75.33336427461843,
      "p95": 716.1249995988328,
      "p99": 939.6669993293472,
      "unit": "\u03bcs"
    },
    "json_serialize_single": {
      "mean": 1.1388061979232589,
      "median": 1.0830008250195533,
      "min": 0.957999873207882,
      "max": 63.12500045169145,
      "stdev": 1.2154139923498009,
      "p95": 1.2090004020137712,
      "p99": 1.4170000213198364,
      "unit": "\u03bcs"
    },
    "json_serialize_many": {
      "mean": 229.56788987357868,
      "median": 225.3339989692904,
      "min": 217.20799850299954,
      "max": 434.4589997344883,
      "stdev": 24.68869415106504,
      "p95": 268.20800121640787,
      "p99": 434.4589997344883,
      "unit": "\u03bcs"
    },
    "json_deserialize_single": {
      "mean": 1.5446387842530385,
      "median": 1.5000005078036338,
      "min": 1.2910004443256184,
      "max": 41.125000279862434,
      "stdev": 0.7585079765932607,
      "p95": 1.791999238776043,
      "p99": 2.0829993445659056,
      "unit": "\u03bcs"
    },
    "json_deserialize_many": {
      "mean": 236.56626008232706,
      "median": 235.72899954160675,
      "min": 201.66700051049702,
      "max": 371.66599940974265,
      "stdev": 20.25839470433566,
      "p95": 262.333000137005,
      "p99": 371.66599940974265,
      "unit": "\u03bcs"
    },
    "csv_serialize_many": {
      "mean": 254.16501001018332,
      "median": 250.89550035772845,
      "min": 226.50000028079376,
      "max": 318.29199906496797,
      "stdev": 14.519732168383033,
      "p95": 293.87500035227276,
      "p99": 318.29199906496797,
      "unit": "\u03bcs"
    },
    "csv_deserialize_many": {
      "mean": 155.87252008117503,
      "median": 154.6460007375572,
      "min": 135.1669998257421,
      "max": 258.7910003057914,
      "stdev": 15.574384733825786,
      "p95": 179.12499970407225,
      "p99": 258.7910003057914,
      "unit": "\u03bcs"
    },
    "toml_serialize_single": {
      "mean": 11.459768000349868,
      "median": 10.959000064758584,
      "min": 10.0840006780345,
      "max": 59.62500108580571,
      "stdev": 4.608214905872093,
      "p95": 11.665999409160577,
      "p99": 49.79199911758769,
      "unit": "\u03bcs"
    },
    "toml_deserialize_single": {
      "mean": 48.295323955244385,
      "median": 47.416999223059975,
      "min": 44.79099879972637,
      "max": 136.74999900104012,
      "stdev": 6.431605901845877,
      "p95": 52.74999966786709,
      "p99": 77.24999886704609,
      "unit": "\u03bcs"
    },
    "validation_valid": {
      "mean": 733.1116059503984,
      "median": 708.9984137564898,
      "min": 624.9993020901456,
      "max": 6166.999810375273,
      "stdev": 123.50948343178268,
      "p95": 833.0007403856143,
      "p99": 1124.9994713580236,
      "unit": "ns"
    },
    "validation_invalid": {
      "mean": 724.2178100568708,
      "median": 708.0016075633466,
      "min": 582.9988367622718,
      "max": 17125.00124995131,
      "stdev": 274.4627182693014,
      "p95": 791.0002750577405,
      "p99": 874.9993867240846,
      "unit": "ns"
    },
    "memory_many_fields": {
      "mean": 80.21422010642709,
      "median": 77.83350065437844,
      "min": 75.08300041081384,
      "max": 211.54100068088155,
      "stdev": 13.799495955614447,
      "p95": 84.04200161749031,
      "p99": 211.54100068088155,
      "unit": "\u03bcs"
    },
    "memory_large_model": {
      "mean": 3.2668165997529286,
      "median": 3.2172080009331694,
      "min": 2.969708999444265,
      "max": 3.8978329994279193,
      "stdev": 0.2169854792928821,
      "p95": 3.868709000016679,
      "p99": 3.8978329994279193,
      "unit": "ms"
    }
  }
}