{
  "metadata": {
    "pydapter_version": "0.3.2",
    "pydantic_version": "2.10.6",
    "python_version": "3.10.15 (main, Oct 16 2024, 08:33:15) [Clang 18.1.8 ]",
    "timestamp": "2025-06-13T00:05:48.031381+00:00",
    "iterations": 5000,
    "features": {
      "has_field": true,
      "has_fieldtemplate": true,
      "has_templates": true,
      "has_traits": false
    },
    "benchmark_version": "2.0"
  },
  "benchmarks": {
    "field_creation_legacy": {
      "mean": 3.134471399607719,
      "median": 3.0829996831016615,
      "min": 2.667000444489531,
      "max": 63.04199996520765,
      "stdev": 1.076951664409373,
      "p95": 3.5420016502030194,
      "p99": 4.042000000481494,
      "unit": "\u03bcs"
    },
    "field_creation_kwargs": {
      "mean": 701.137990472489,
      "median": 707.9997885739431,
      "min": 624.9993020901456,
      "max": 2542.0013116672635,
      "stdev": 55.047891696803156,
      "p95": 790.998456068337,
      "p99": 833.999365568161,
      "unit": "ns"
    },
    "field_creation_complex": {
      "mean": 950.5859889031854,
      "median": 916.9998520519584,
      "min": 833.0007403856143,
      "max": 2750.0009309733286,
      "stdev": 118.05339698672404,
      "p95": 1125.0012903474271,
      "p99": 1250.0004231696948,
      "unit": "ns"
    },
    "model_creation_simple": {
      "mean": 304.43786394243944,
      "median": 290.43750055279816,
      "min": 260.6250000098953,
      "max": 558.9590000454336,
      "stdev": 35.24309685846141,
      "p95": 370.37499896541703,
      "p99": 436.87499965017196,
      "unit": "\u03bcs"
    },
    "model_creation_complex": {
      "mean": 447.3719120505848,
      "median": 429.1455006750766,
      "min": 385.04199983435683,
      "max": 860.1659992564237,
      "stdev": 49.634199339685864,
      "p95": 529.0410008456092,
      "p99": 649.500001600245,
      "unit": "\u03bcs"
    },
    "model_instantiation_simple": {
      "mean": 531.3687983289128,
      "median": 500.00016926787794,
      "min": 457.9997039400041,
      "max": 10624.999049468897,
      "stdev": 177.13145949219324,
      "p95": 625.0011210795492,
      "p99": 709.0002327458933,
      "unit": "ns"
    },
    "model_instantiation_complex": {
      "mean": 2.962959596334258,
      "median": 2.91700052912347,
      "min": 2.6249999791616574,
      "max": 87.0000003487803,
      "stdev": 1.2403640844664499,
      "p95": 3.1250001484295353,
      "p99": 3.749999450519681,
      "unit": "\u03bcs"
    },
    "model_creation_templates": {
      "mean": 575.697744039644,
      "median": 550.0215002030018,
      "min": 498.416999107576,
      "max": 932.1670004283078,
      "stdev": 58.89257320570033,
      "p95": 657.3749997187406,
      "p99": 833.5830007126788,
      "unit": "\u03bcs"
    },
    "json_serialize_single": {
      "mean": 1.550493594186264,
      "median": 1.0829990060301498,
      "min": 0.9160012268694118,
      "max": 306.6669996769633,
      "stdev": 5.786218171510715,
      "p95": 2.749999111983925,
      "p99": 5.583000529441051,
      "unit": "\u03bcs"
    },
    "json_serialize_many": {
      "mean": 267.3095199315867,
      "median": 224.4789993710583,
      "min": 205.70800006680656,
      "max": 943.0409991182387,
      "stdev": 132.15708170737184,
      "p95": 674.7920015186537,
      "p99": 943.0409991182387,
      "unit": "\u03bcs"
    },
    "json_deserialize_single": {
      "mean": 1.5486444051930448,
      "median": 1.5410005289595574,
      "min": 1.3329990906640887,
      "max": 31.374998798128217,
      "stdev": 0.5119109572893614,
      "p95": 1.625001459615305,
      "p99": 1.915999746415764,
      "unit": "\u03bcs"
    },
    "json_deserialize_many": {
      "mean": 234.06299009366194,
      "median": 233.93800074700266,
      "min": 217.12499983550515,
      "max": 315.12500027019996,
      "stdev": 15.853692717352821,
      "p95": 256.37500039010774,
      "p99": 315.12500027019996,
      "unit": "\u03bcs"
    },
    "csv_serialize_many": {
      "mean": 250.69954004720785,
      "median": 245.22900002921233,
      "min": 232.24999858939555,
      "max": 322.12499900197145,
      "stdev": 12.630420006726276,
      "p95": 271.37500001117587,
      "p99": 322.12499900197145,
      "unit": "\u03bcs"
    },
    "csv_deserialize_many": {
      "mean": 150.42082999570994,
      "median": 148.89550038788002,
      "min": 147.0419992983807,
      "max": 183.62500122748315,
      "stdev": 5.86986624771662,
      "p95": 162.37500130955596,
      "p99": 183.62500122748315,
      "unit": "\u03bcs"
    },
    "toml_serialize_single": {
      "mean": 11.156056047184393,
      "median": 10.49999991664663,
      "min": 10.083000233862549,
      "max": 55.25000051420648,
      "stdev": 4.396695791897796,
      "p95": 12.499998774728738,
      "p99": 49.83300095773302,
      "unit": "\u03bcs"
    },
    "toml_deserialize_single": {
      "mean": 46.53683399374131,
      "median": 45.708999095950276,
      "min": 44.54199915926438,
      "max": 94.95899939793162,
      "stdev": 3.3355781590528535,
      "p95": 49.62499951943755,
      "p99": 58.79200034542009,
      "unit": "\u03bcs"
    },
    "validation_valid": {
      "mean": 714.134194640792,
      "median": 666.9997674180195,
      "min": 541.0001904238015,
      "max": 77208.00022070762,
      "stdev": 1446.235651369572,
      "p95": 750.0002539018169,
      "p99": 916.9998520519584,
      "unit": "ns"
    },
    "validation_invalid": {
      "mean": 650.5478057079017,
      "median": 625.0011210795492,
      "min": 542.0006345957518,
      "max": 5334.000888979062,
      "stdev": 110.69747198800165,
      "p95": 709.0002327458933,
      "p99": 750.0002539018169,
      "unit": "ns"
    },
    "memory_many_fields": {
      "mean": 74.23091998134623,
      "median": 75.04200038965791,
      "min": 69.04200017743278,
      "max": 133.4590015176218,
      "stdev": 6.832340617848652,
      "p95": 78.7919998401776,
      "p99": 133.4590015176218,
      "unit": "\u03bcs"
    },
    "memory_large_model": {
      "mean": 3.0605524799830164,
      "median": 2.9922290004833485,
      "min": 2.933333998953458,
      "max": 3.7070420003146864,
      "stdev": 0.16947490614117772,
      "p95": 3.3970000004046597,
      "p99": 3.7070420003146864,
      "unit": "ms"
    }
  }
}