{
  "metadata": {
    "pydapter_version": "0.3.3",
    "pydantic_version": "2.11.5",
    "python_version": "3.10.15 (main, Oct 16 2024, 08:33:15) [Clang 18.1.8 ]",
    "timestamp": "2025-06-12T23:55:57.143328+00:00",
    "iterations": 50,
    "features": {
      "has_field": true,
      "has_fieldtemplate": true,
      "has_templates": true,
      "has_traits": true
    }
  },
  "benchmarks": {
    "field_creation_legacy": {
      "mean": 0.0034725598743534647,
      "median": 0.0033750002330634743,
      "min": 0.003291999746579677,
      "max": 0.006833000952610746,
      "stdev": 0.0004919935350652638,
      "p95": 0.003541999831213616,
      "p99": 0.006833000952610746
    },
    "field_creation_chaining": {
      "mean": 0.0024882599973352626,
      "median": 0.002291999408043921,
      "min": 0.002208000296377577,
      "max": 0.0072920011007227,
      "stdev": 0.0008634219260258152,
      "p95": 0.00291700052912347,
      "p99": 0.0072920011007227
    },
    "field_creation_kwargs": {
      "mean": 0.001030000057653524,
      "median": 0.0010000003385357559,
      "min": 0.0009159994078800082,
      "max": 0.002499999027349986,
      "stdev": 0.00022226682100611367,
      "p95": 0.0010839994502021,
      "p99": 0.002499999027349986
    },
    "field_creation_complex": {
      "mean": 0.0021905900357523933,
      "median": 0.002165999831049703,
      "min": 0.0020829993445659056,
      "max": 0.005957999746897258,
      "stdev": 0.00032846213864994267,
      "p95": 0.002209000740549527,
      "p99": 0.004417001036927104
    },
    "model_creation_simple": {
      "mean": 0.30099472396977944,
      "median": 0.31070849945535883,
      "min": 0.22645799981546588,
      "max": 0.5840419999003643,
      "stdev": 0.0506272387645516,
      "p95": 0.39770800140104257,
      "p99": 0.4701249999925494
    },
    "model_creation_complex": {
      "mean": 0.335996324000007,
      "median": 0.31629200020688586,
      "min": 0.28162499984318856,
      "max": 1.156000000264612,
      "stdev": 0.05986635984408682,
      "p95": 0.43745800030592363,
      "p99": 0.5569580007431796
    },
    "model_instantiation_simple": {
      "mean": 0.002595919904706534,
      "median": 0.0021249998098937795,
      "min": 0.002041999323409982,
      "max": 0.02366700027778279,
      "stdev": 0.003048937131828101,
      "p95": 0.00254199949267786,
      "p99": 0.02366700027778279
    },
    "model_instantiation_complex": {
      "mean": 0.003049180013476871,
      "median": 0.0028750000637955964,
      "min": 0.0027909991331398487,
      "max": 0.009957999282050878,
      "stdev": 0.001016540823593691,
      "p95": 0.0030840001272736117,
      "p99": 0.009957999282050878
    },
    "model_creation_templates": {
      "mean": 0.7047713039573864,
      "median": 0.6691044991384842,
      "min": 0.5928330010647187,
      "max": 1.7855829992186045,
      "stdev": 0.10234975907932833,
      "p95": 0.8779579984548036,
      "p99": 1.109750000978238
    },
    "json_serialize_single": {
      "mean": 0.0015832401550142094,
      "median": 0.001333999534836039,
      "min": 0.0012500004231696948,
      "max": 0.01170799987448845,
      "stdev": 0.0014701994553626883,
      "p95": 0.0016670001059537753,
      "p99": 0.01170799987448845
    },
    "json_serialize_many": {
      "mean": 0.266220800094743,
      "median": 0.26185400020040106,
      "min": 0.24208300055761356,
      "max": 0.601708999965922,
      "stdev": 0.03803389122988779,
      "p95": 0.31216699971992057,
      "p99": 0.601708999965922
    },
    "json_deserialize_single": {
      "mean": 0.002219179950770922,
      "median": 0.0017704996935208328,
      "min": 0.0016249996406259015,
      "max": 0.0228749995585531,
      "stdev": 0.0029883536596160927,
      "p95": 0.0021670002752216533,
      "p99": 0.0228749995585531
    },
    "json_deserialize_many": {
      "mean": 0.22992124022493954,
      "median": 0.23037450137053384,
      "min": 0.21833299979334697,
      "max": 0.2839170010702219,
      "stdev": 0.009237668743280116,
      "p95": 0.24245900021924172,
      "p99": 0.2839170010702219
    },
    "csv_serialize_many": {
      "mean": 0.26473914995222003,
      "median": 0.26108400015800726,
      "min": 0.25875000028463546,
      "max": 0.304292001601425,
      "stdev": 0.009066527413570374,
      "p95": 0.28441699942050036,
      "p99": 0.304292001601425
    },
    "csv_deserialize_many": {
      "mean": 0.15259288973538787,
      "median": 0.15177049954218091,
      "min": 0.1502089999121381,
      "max": 0.16566699923714623,
      "stdev": 0.00262420828911215,
      "p95": 0.15800000073795673,
      "p99": 0.16566699923714623
    },
    "toml_serialize_single": {
      "mean": 0.011354947953805095,
      "median": 0.010583999028312974,
      "min": 0.010167001164518297,
      "max": 0.05616699854726903,
      "stdev": 0.0047664318561130405,
      "p95": 0.013458000466926023,
      "p99": 0.05354099994292483
    },
    "toml_deserialize_single": {
      "mean": 0.048167543958697934,
      "median": 0.04670799899031408,
      "min": 0.04516700028034393,
      "max": 0.12245899961271789,
      "stdev": 0.006340837839185773,
      "p95": 0.054416001148638315,
      "p99": 0.08675000026414637
    },
    "memory_many_fields": {
      "mean": 0.0986124599694449,
      "median": 0.09629149917600444,
      "min": 0.09262499952455983,
      "max": 0.11825000001408625,
      "stdev": 0.00616059447361406,
      "p95": 0.11124999946332537,
      "p99": 0.11825000001408625
    },
    "memory_large_model": {
      "mean": 2.831625040016661,
      "median": 2.741291999882378,
      "min": 2.6407919995108387,
      "max": 3.8501670005643973,
      "stdev": 0.2227560473517489,
      "p95": 3.3585419987502974,
      "p99": 3.8501670005643973
    },
    "trait_enum_access": {
      "mean": 0.0002766800025710836,
      "median": 0.00025000008463393897,
      "min": 0.0002499982656445354,
      "max": 0.0012500004231696948,
      "stdev": 0.00014205284763362327,
      "p95": 0.0002920005499618128,
      "p99": 0.0012500004231696948
    },
    "trait_registry_creation": {
      "mean": 0.00019676994998008013,
      "median": 0.00016700141713954508,
      "min": 0.0001249991328222677,
      "max": 0.004291998266126029,
      "stdev": 0.00020473032151241267,
      "p95": 0.00020900006347801536,
      "p99": 0.00029199873097240925
    },
    "trait_composition": {
      "mean": 0.002705004004383227,
      "median": 0.002583001332823187,
      "min": 0.002458000381011516,
      "max": 0.014292001651483588,
      "stdev": 0.0007837883598918378,
      "p95": 0.0032080006349133328,
      "p99": 0.0036250003176974133
    },
    "trait_like_class": {
      "mean": 0.003471159976470517,
      "median": 0.00291600008495152,
      "min": 0.0027909991331398487,
      "max": 0.07183299931057263,
      "stdev": 0.005219663210042838,
      "p95": 0.0036669989640358835,
      "p99": 0.007624999852851033
    }
  }
}