{
  "metadata": {
    "pydapter_version": "0.3.3",
    "pydantic_version": "2.11.5",
    "python_version": "3.10.15 (main, Oct 16 2024, 08:33:15) [Clang 18.1.8 ]",
    "timestamp": "2025-06-13T00:00:53.425799+00:00",
    "iterations": 5000,
    "features": {
      "has_field": true,
      "has_fieldtemplate": true,
      "has_templates": true,
      "has_traits": true
    },
    "benchmark_version": "2.0"
  },
  "benchmarks": {
    "field_creation_legacy": {
      "mean": 0.003352967806495144,
      "median": 0.003249999281251803,
      "min": 0.002999999196617864,
      "max": 0.15062500096973963,
      "stdev": 0.0023910220012017,
      "p95": 0.0034589993447298184,
      "p99": 0.004125000486965291
    },
    "field_creation_chaining": {
      "mean": 0.002266269800020382,
      "median": 0.002083001163555309,
      "min": 0.0018749997252598405,
      "max": 0.06104100066295359,
      "stdev": 0.002106907662424129,
      "p95": 0.0024170003598555923,
      "p99": 0.004042000000481494
    },
    "field_creation_kwargs": {
      "mean": 0.0009741003865201492,
      "median": 0.000957999873207882,
      "min": 0.0007920007192296907,
      "max": 0.030499999411404133,
      "stdev": 0.0005272541798600532,
      "p95": 0.0011249994713580236,
      "p99": 0.0012500004231696948
    },
    "field_creation_complex": {
      "mean": 0.0026130020305572543,
      "median": 0.0021670002752216533,
      "min": 0.001999998858082108,
      "max": 0.0580830001126742,
      "stdev": 0.004246120760750921,
      "p95": 0.0024579985620221123,
      "p99": 0.007874999937484972
    },
    "model_creation_simple": {
      "mean": 0.2899088379635941,
      "median": 0.26383299973531393,
      "min": 0.237833000937826,
      "max": 0.7605000009789364,
      "stdev": 0.0631039235690717,
      "p95": 0.4211670002405299,
      "p99": 0.532042000486399
    },
    "model_creation_complex": {
      "mean": 0.3536496840097243,
      "median": 0.3314794994366821,
      "min": 0.2835420000337763,
      "max": 0.6765420002921019,
      "stdev": 0.05867675530776479,
      "p95": 0.48274999971908983,
      "p99": 0.5737499996030238
    },
    "model_instantiation_simple": {
      "mean": 0.0023175438098405722,
      "median": 0.0022089989215601236,
      "min": 0.0020829993445659056,
      "max": 0.018582999473437667,
      "stdev": 0.0007002904940550736,
      "p95": 0.002708000465645455,
      "p99": 0.004916999387205578
    },
    "model_instantiation_complex": {
      "mean": 0.0033377822026523065,
      "median": 0.0031669987947680056,
      "min": 0.0026669986255001277,
      "max": 0.03362499955983367,
      "stdev": 0.0010859558179512954,
      "p95": 0.0038750004023313522,
      "p99": 0.007665999874006957
    },
    "model_creation_templates": {
      "mean": 0.7106513179423928,
      "median": 0.6742284995198133,
      "min": 0.578582999878563,
      "max": 1.2666670008911751,
      "stdev": 0.10379507065649071,
      "p95": 0.9219999992637895,
      "p99": 1.0532500000408618
    },
    "json_serialize_single": {
      "mean": 0.0012845584020396927,
      "median": 0.0012910004443256184,
      "min": 0.0011669999366858974,
      "max": 0.01049999991664663,
      "stdev": 0.00015106145959095305,
      "p95": 0.001333999534836039,
      "p99": 0.001375001374981366
    },
    "json_serialize_many": {
      "mean": 0.24809538997942582,
      "median": 0.24222899992309976,
      "min": 0.2174580004066229,
      "max": 0.33683299989206716,
      "stdev": 0.018015856896652034,
      "p95": 0.28412500068952795,
      "p99": 0.33683299989206716
    },
    "json_deserialize_single": {
      "mean": 0.001616511002794141,
      "median": 0.0015420009731315076,
      "min": 0.0014159995771478862,
      "max": 0.02204100019298494,
      "stdev": 0.0005629531111402988,
      "p95": 0.0017500005924375728,
      "p99": 0.0021249998098937795
    },
    "json_deserialize_many": {
      "mean": 0.23153879015808343,
      "median": 0.22472900036518695,
      "min": 0.2034579993051011,
      "max": 0.34783299997798167,
      "stdev": 0.021108342992647237,
      "p95": 0.27279099958832376,
      "p99": 0.34783299997798167
    },
    "csv_serialize_many": {
      "mean": 0.2872891798688215,
      "median": 0.26960449940816034,
      "min": 0.24362499971175566,
      "max": 0.41783300002862234,
      "stdev": 0.03595034243695872,
      "p95": 0.3644579992396757,
      "p99": 0.41783300002862234
    },
    "csv_deserialize_many": {
      "mean": 0.15716045993031003,
      "median": 0.15095799972186796,
      "min": 0.14841700067336205,
      "max": 0.2930830014520325,
      "stdev": 0.021733849817707405,
      "p95": 0.19829200027743354,
      "p99": 0.2930830014520325
    },
    "toml_serialize_single": {
      "mean": 0.012460645968531026,
      "median": 0.010707999535952695,
      "min": 0.009665998732089065,
      "max": 0.09741699977894314,
      "stdev": 0.006202047769783518,
      "p95": 0.016707999748177826,
      "p99": 0.0501670001540333
    },
    "toml_deserialize_single": {
      "mean": 0.05264757201439352,
      "median": 0.050916500185849145,
      "min": 0.041708999560796656,
      "max": 0.12724999942292925,
      "stdev": 0.008904806830894122,
      "p95": 0.06570799996552523,
      "p99": 0.07591600115119945
    },
    "memory_many_fields": {
      "mean": 0.11098624994701822,
      "median": 0.11741599973902339,
      "min": 0.08675000026414637,
      "max": 0.16924999908951577,
      "stdev": 0.013529795110777343,
      "p95": 0.12649999916902743,
      "p99": 0.16924999908951577
    },
    "memory_large_model": {
      "mean": 3.0972550398291787,
      "median": 3.077937500165717,
      "min": 2.5636250011302764,
      "max": 4.205249999358784,
      "stdev": 0.43711022451214043,
      "p95": 3.9966659987840103,
      "p99": 4.205249999358784
    },
    "trait_enum_access": {
      "mean": 0.00027902581277885476,
      "median": 0.0002910001057898626,
      "min": 0.00020799961930606514,
      "max": 0.005542000508285128,
      "stdev": 0.00010079139925476475,
      "p95": 0.0003339991963002831,
      "p99": 0.0003750010364456102
    },
    "trait_registry_creation": {
      "mean": 0.00019235399304307066,
      "median": 0.00016699959815014154,
      "min": 0.00016599915397819132,
      "max": 0.0009169998520519584,
      "stdev": 4.742570510130379e-05,
      "p95": 0.00025000008463393897,
      "p99": 0.0003330005711177364
    },
    "trait_composition": {
      "mean": 0.0026010860128735658,
      "median": 0.0025829995138337836,
      "min": 0.002415999915683642,
      "max": 0.007791000825818628,
      "stdev": 0.000381308362108257,
      "p95": 0.0026670004444895312,
      "p99": 0.0030410010367631912
    },
    "trait_like_class": {
      "mean": 0.004015016049379483,
      "median": 0.0032705002013244666,
      "min": 0.002499999027349986,
      "max": 0.08324999907927122,
      "stdev": 0.006045979038167526,
      "p95": 0.005666999641107395,
      "p99": 0.026083000193466432
    }
  }
}