{
  "metadata": {
    "pydapter_version": "0.2.3",
    "pydantic_version": "2.10.6",
    "python_version": "3.10.15 (main, Oct 16 2024, 08:33:15) [Clang 18.1.8 ]",
    "timestamp": "2025-06-12T23:30:33.561979+00:00",
    "iterations": 1000,
    "features": {
      "has_field": true,
      "has_fieldtemplate": true,
      "has_templates": true
    }
  },
  "benchmarks": {
    "field_creation_legacy": {
      "mean": 0.0031806329989194637,
      "median": 0.0031250001484295353,
      "min": 0.0027500009309733286,
      "max": 0.012541000614874065,
      "stdev": 0.0004938142145353415,
      "p95": 0.003749999450519681,
      "p99": 0.0040000013541430235
    },
    "field_creation_kwargs": {
      "mean": 0.0007231020063045435,
      "median": 0.0007079997885739431,
      "min": 0.0005829988367622718,
      "max": 0.007874999937484972,
      "stdev": 0.00026360030484581825,
      "p95": 0.0008340011845575646,
      "p99": 0.0009169998520519584
    },
    "field_creation_complex": {
      "mean": 0.0009669960163591895,
      "median": 0.0008749993867240846,
      "min": 0.0007910002750577405,
      "max": 0.007124999683583155,
      "stdev": 0.00046291012477927835,
      "p95": 0.0011660013115033507,
      "p99": 0.003749999450519681
    },
    "model_creation_simple": {
      "mean": 0.31878278202202637,
      "median": 0.30027050070202677,
      "min": 0.2572919984231703,
      "max": 0.6192500004544854,
      "stdev": 0.05014877398179383,
      "p95": 0.40870799966796767,
      "p99": 0.4987499996786937
    },
    "model_creation_complex": {
      "mean": 0.4386245599525864,
      "median": 0.42512500021985034,
      "min": 0.37887500002398156,
      "max": 0.6895829992572544,
      "stdev": 0.042399518622677414,
      "p95": 0.5094999996799743,
      "p99": 0.633166999250534
    },
    "model_instantiation_simple": {
      "mean": 0.0005335920141078532,
      "median": 0.0005410001904238015,
      "min": 0.0004579997039400041,
      "max": 0.004207999154459685,
      "stdev": 0.00012154768640222364,
      "p95": 0.000583999280934222,
      "p99": 0.0006249993020901456
    },
    "model_instantiation_complex": {
      "mean": 0.003055836956264102,
      "median": 0.0030409992177737877,
      "min": 0.0026670004444895312,
      "max": 0.012959000741830096,
      "stdev": 0.0007123493957117956,
      "p95": 0.0031250001484295353,
      "p99": 0.006624999514315277
    },
    "model_creation_templates": {
      "mean": 0.5949070140450203,
      "median": 0.569812500543776,
      "min": 0.5126249998284038,
      "max": 1.0014579984272132,
      "stdev": 0.06663183178426482,
      "p95": 0.7034589998511365,
      "p99": 0.863582999954815
    },
    "json_serialize_single": {
      "mean": 0.0011402639756852295,
      "median": 0.0009999985195463523,
      "min": 0.0008749993867240846,
      "max": 0.08349999916390516,
      "stdev": 0.00272319177833178,
      "p95": 0.001290998625336215,
      "p99": 0.00145800004247576
    },
    "json_serialize_many": {
      "mean": 0.22452496992627857,
      "median": 0.2202909990955959,
      "min": 0.20295799913583323,
      "max": 0.38587500057474244,
      "stdev": 0.024195409733148862,
      "p95": 0.26375000015832484,
      "p99": 0.38587500057474244
    },
    "json_deserialize_single": {
      "mean": 0.0015132460011955118,
      "median": 0.00145800004247576,
      "min": 0.0012910004443256184,
      "max": 0.005667001460096799,
      "stdev": 0.00022363672401144437,
      "p95": 0.0018330010789213702,
      "p99": 0.0019170001905877143
    },
    "json_deserialize_many": {
      "mean": 0.22483914006443229,
      "median": 0.21991650010022568,
      "min": 0.2179160001105629,
      "max": 0.2595830010250211,
      "stdev": 0.009405908379505588,
      "p95": 0.24583300000813324,
      "p99": 0.2595830010250211
    },
    "csv_serialize_many": {
      "mean": 0.2567921199806733,
      "median": 0.25295849991380237,
      "min": 0.23137499920267146,
      "max": 0.3024159996130038,
      "stdev": 0.013332900717524012,
      "p95": 0.2880409992940258,
      "p99": 0.3024159996130038
    },
    "csv_deserialize_many": {
      "mean": 0.16083253005490405,
      "median": 0.15675000031478703,
      "min": 0.13699999908567406,
      "max": 0.26033399990410544,
      "stdev": 0.020387599336827232,
      "p95": 0.21716700030083302,
      "p99": 0.26033399990410544
    },
    "toml_serialize_single": {
      "mean": 0.01229343000886729,
      "median": 0.011207999705220573,
      "min": 0.010542000381974503,
      "max": 0.08100000013655517,
      "stdev": 0.006942250522434737,
      "p95": 0.012458000128390267,
      "p99": 0.05941699964751024
    },
    "toml_deserialize_single": {
      "mean": 0.04614667996429489,
      "median": 0.045291999413166195,
      "min": 0.041290999433840625,
      "max": 0.12333299855527002,
      "stdev": 0.006812722138754416,
      "p95": 0.04995800009055529,
      "p99": 0.09349999891128391
    },
    "validation_valid": {
      "mean": 0.0006090839578973828,
      "median": 0.0006249993020901456,
      "min": 0.0005420006345957518,
      "max": 0.00291700052912347,
      "stdev": 7.818104932401955e-05,
      "p95": 0.0006250011210795492,
      "p99": 0.0007079997885739431
    },
    "validation_invalid": {
      "mean": 0.0006480740103143035,
      "median": 0.0006249993020901456,
      "min": 0.0005410001904238015,
      "max": 0.010707999535952695,
      "stdev": 0.00032692283675974634,
      "p95": 0.0007919989002402872,
      "p99": 0.0009169998520519584
    },
    "memory_many_fields": {
      "mean": 0.07595332999699167,
      "median": 0.0761874998715939,
      "min": 0.06995900002948474,
      "max": 0.13166700045985635,
      "stdev": 0.0078795012566774,
      "p95": 0.08516600064467639,
      "p99": 0.13166700045985635
    },
    "memory_large_model": {
      "mean": 3.0977550398893072,
      "median": 3.034041499631712,
      "min": 2.8915419989061775,
      "max": 3.911333000360173,
      "stdev": 0.21909705442156308,
      "p95": 3.6412909994396614,
      "p99": 3.911333000360173
    }
  }
}